id,product_id,question_body,asker_email,date_written,asker_name,question_reported,question_helpful
1,1,eos,Franecki_Juliana@hotmail.com,1972-03-24,Rupert,12,9
2,2,placeat,Doyle.Nikolas@yahoo.com,1988-01-30,Matt,6,8
3,3,deleniti,Antwon.Murray@Neil.biz,1980-09-01,Jazmin,8,11
4,4,sint,Kasey_Leuschke@hotmail.com,1983-08-25,Betsy,6,8
5,5,dolorum,Prohaska_Gretchen@Dach.biz,2006-02-20,Eliane,3,10
6,6,et,Waters.Keeley@gmail.com,1974-09-16,Odie,1,8
7,7,vel,Isobel_Emard@Tyreek.biz,1971-03-05,Georgianna,4,12
8,8,et,Mayert.Marquis@yahoo.com,1973-08-28,Laury,4,11
9,9,sint,Mitchel.Gottlieb@Sherman.info,2000-12-20,Aditya,6,6
10,10,ex,Astrid.Wintheiser@gmail.com,1992-02-17,Sabina,7,7
11,11,quasi,Rodolfo.Krajcik@hotmail.com,2004-07-27,Christy,4,5
12,12,eum,Beverly_Friesen@Stacey.me,1987-05-03,Kevin,12,5
13,13,eum,Evan.Fadel@gmail.com,1997-05-21,Kaylin,1,12
14,14,quibusdam,Zoila.Mosciski@hotmail.com,1974-08-27,Treva,8,7
15,15,reiciendis,Shaylee.Mraz@Samantha.biz,1981-06-15,Emmet,11,10
16,16,eius,Upton_Lon@Auer.net,2002-04-24,Marlen,1,7
17,17,placeat,Parisian.Clotilde@Willow.biz,1993-02-18,Enola,9,10
18,18,dolor,Kaden_Stanton@Obie.ca,1992-12-13,Samara,6,10
19,19,ipsam,Effie_Schuster@Brain.biz,2001-01-13,Fritz,6,10
20,20,iste,Carey.Beatty@gmail.com,2002-06-22,Geraldine,1,10
21,21,animi,Bridgette.Kuhn@gmail.com,1978-04-07,Emma,6,10
22,22,nisi,Laron_Mueller@yahoo.com,2003-09-28,Zola,2,1
23,23,ea,Brook.Hyatt@Ashtyn.biz,1994-04-17,Imani,10,10
24,24,distinctio,Delmer_Larkin@gmail.com,1974-11-19,Kathryne,3,9
25,25,autem,Nils.Kreiger@gmail.com,1991-10-27,Dayton,9,10
26,26,culpa,Bernhard.Timothy@yahoo.com,1995-07-16,Allene,3,12
27,27,expedita,Maggio_Milan@Gennaro.net,2008-11-16,Haylie,10,11
28,28,illo,Roman_Abernathy@yahoo.com,1970-09-05,Louie,6,9
29,29,est,Tania_Oberbrunner@Harvey.info,2015-09-04,Malvina,9,2
30,30,ipsa,Tara.Krajcik@hotmail.com,1993-08-07,Wilfred,5,2
31,31,optio,Crooks.Mariam@yahoo.com,1970-01-12,Lonny,5,8
32,32,omnis,Kira.Stark@Murl.us,1975-10-10,Guadalupe,3,2
33,33,mollitia,Maxine.Bailey@yahoo.com,1972-06-16,Shana,2,4
34,34,aperiam,Sunny_Medhurst@yahoo.com,1974-05-03,Luella,6,6
35,35,non,Littel_Clark@Welch.net,2011-05-10,Reinhold,10,1
36,36,blanditiis,Cora.Botsford@hotmail.com,1993-10-25,Vivian,11,2
37,37,doloremque,Sawayn_Jazlyn@gmail.com,1977-06-22,Angelita,4,5
38,38,aspernatur,Schamberger_Bryon@hotmail.com,1995-04-12,Candida,5,6
39,39,cum,Leif_Moen@Steuber.us,1995-04-17,Willard,11,10
40,40,id,Beier_Jasen@Edna.biz,2016-04-03,Richmond,10,9
41,41,sunt,Rosalinda.Harber@gmail.com,2006-08-08,Kirstin,7,9
42,42,corporis,Carson_Gibson@Macejkovic.name,2001-04-15,Frederik,10,6
43,43,corporis,Howard_Langosh@Virgie.co.uk,2007-03-04,Mike,11,2
44,44,quod,Geovanny_McCullough@Graciela.biz,2002-02-23,Josefina,4,5
45,45,pariatur,Marianne_Parisian@yahoo.com,1971-07-28,Abraham,3,1
46,46,soluta,Olson.Xavier@Effertz.tv,2011-12-01,Max,4,10
47,47,dignissimos,Letha_Brakus@hotmail.com,1974-11-03,Michel,3,7
48,48,ut,Dibbert_Genesis@yahoo.com,2009-08-30,Elza,5,2
49,49,vel,Lafayette.Gottlieb@Hoeger.me,2005-10-17,Shemar,10,12
50,50,reiciendis,Bayer_Aylin@gmail.com,1987-07-29,Aiyana,8,10
51,51,occaecati,Larissa.Prohaska@Berniece.com,1998-02-26,Garrison,12,12
52,52,delectus,Kirstin.DuBuque@Jerde.org,1976-04-11,Willow,12,12
53,53,corrupti,Lue.Shields@gmail.com,1985-12-06,Tania,10,12
54,54,a,Destinee.Kessler@Jonas.org,2004-08-12,Dorothy,2,8
55,55,quaerat,Turcotte_Zaria@gmail.com,1995-03-07,Kaela,11,7
56,56,quasi,Alexandra_Hahn@Von.biz,2015-08-29,Santa,11,11
57,57,sunt,Elise.Reinger@Champlin.com,2008-06-22,Brook,11,5
58,58,quia,Keyshawn_Rohan@Emmerich.org,1984-04-03,Garth,1,3
59,59,quisquam,Holly_Carroll@gmail.com,1982-02-08,Hobart,7,4
60,60,quibusdam,Verner.Wisozk@Mathias.com,1981-11-27,Caesar,2,6
61,61,et,Laury_Armstrong@hotmail.com,1984-05-16,Presley,7,6
62,62,dolorem,Jayde.Shanahan@gmail.com,2009-01-07,Lillian,6,12
63,63,quo,Elinore.Hayes@Dejon.name,2007-08-17,Iva,4,5
64,64,delectus,Kameron_Yundt@yahoo.com,1988-03-02,Hayden,1,10
65,65,placeat,Art_Huels@yahoo.com,1971-05-02,Gunnar,9,11
66,66,qui,Claud_Ruecker@Lockman.biz,1998-11-07,Trudie,12,10
67,67,dolores,Mueller.Amanda@Eva.biz,1982-03-29,Avis,10,12
68,68,dolorem,Myron.Dare@gmail.com,1990-07-18,Jarod,9,9
69,69,voluptate,Benjamin_Dare@Veronica.biz,1989-02-13,Rickey,1,6
70,70,explicabo,Naomi_Roberts@Cheyanne.net,1983-11-08,Amelia,8,5
71,71,odit,Bode.Gilbert@yahoo.com,2016-03-08,Jesse,5,6
72,72,et,Gunnar.Metz@Schowalter.net,1979-01-06,Bennie,7,11
73,73,et,Beer.Cole@yahoo.com,1977-03-19,Sister,1,10
74,74,in,Rosenbaum.Gino@Antonietta.com,2010-01-13,Michael,2,4
75,75,nulla,Mozell.Abshire@Myriam.org,1987-10-30,Emory,1,3
76,76,voluptatem,Easter_Eichmann@Vern.name,1974-05-03,Olga,9,8
77,77,ut,Price.Mills@yahoo.com,1977-12-30,Aniyah,8,9
78,78,ipsum,Stanton.Dion@hotmail.com,1997-03-09,Madonna,8,10
79,79,autem,Karson.Schamberger@gmail.com,2010-03-12,Christiana,12,10
80,80,atque,Noe_Fisher@yahoo.com,1994-12-25,Agustina,7,5
81,81,amet,Kozey.Katherine@yahoo.com,1994-09-03,Erwin,4,8
82,82,quam,Nasir.Schamberger@Cory.tv,1990-07-03,Dalton,7,12
83,83,nostrum,Garfield_Murphy@yahoo.com,1981-09-15,Michale,4,11
84,84,et,Tromp.Ted@Michale.io,1992-05-07,Verona,12,12
85,85,voluptas,Turner.Mathew@yahoo.com,1974-08-16,Lamont,10,12
86,86,placeat,Carter_Desiree@yahoo.com,1996-09-05,Kristin,5,12
87,87,eos,Adams_Meghan@hotmail.com,1974-03-27,Lacy,9,11
88,88,eveniet,Lehner_Darryl@Darrell.net,1981-09-09,Ernestine,8,9
89,89,deleniti,Welch_Arnoldo@hotmail.com,2003-05-09,Frederik,12,5
90,90,illo,Susana.Reichert@hotmail.com,2008-05-29,Emiliano,4,3
91,91,quis,Judy_Purdy@Henri.net,2003-04-14,Edythe,12,2
92,92,velit,Goodwin.Malcolm@Reanna.tv,1976-01-04,Jesus,3,6
93,93,tenetur,Jaylon.Klocko@hotmail.com,1991-11-10,Virginia,1,3
94,94,reiciendis,Maximo_McCullough@Dietrich.biz,2002-02-04,Hillard,6,12
95,95,provident,Kessler_Josh@Ernestine.biz,1984-03-30,Tyrell,11,8
96,96,autem,Evie.Casper@Beatty.me,1975-06-22,Andre,2,6
97,97,maiores,Earl.Stanton@Lacey.name,1993-01-30,Iva,9,9
98,98,non,Ralph_Powlowski@Raleigh.net,1971-05-08,Rebecca,3,8
99,99,blanditiis,Jailyn_Lebsack@gmail.com,2014-04-27,Reid,7,6
0,0,enim,Gisselle.Harris@Jerde.io,1991-12-03,Cassidy,12,4
1,1,et,Hoeger.Willow@Cornelius.co.uk,1984-01-26,Kayleigh,7,3
2,2,et,Justine.Senger@yahoo.com,1996-09-05,Milo,1,1
3,3,laborum,Krajcik.Raymundo@gmail.com,1991-02-17,Ophelia,4,9
4,4,quo,Harvey.Kenna@Zboncak.io,1982-08-07,Kamryn,3,6
5,5,qui,Carlo.Lubowitz@Stamm.io,2003-01-31,Dudley,8,10
6,6,nesciunt,Rempel_Jessie@Daryl.com,1983-02-10,Eileen,2,5
7,7,ducimus,Francisca_Walker@yahoo.com,1970-08-02,Sydnee,5,1
8,8,est,Gutkowski_Savanah@Armstrong.us,1976-03-23,Ashley,10,4
9,9,aut,Karlie.Hackett@yahoo.com,1994-06-23,Kristopher,10,7
10,10,aut,Elbert_Grimes@Reece.org,2013-11-17,Julian,7,10
11,11,aperiam,Homenick.Trenton@Aleen.net,1988-07-09,Carmella,12,5
12,12,sint,Elody.Sipes@gmail.com,1977-12-04,Joannie,7,7
13,13,asperiores,Peyton_Gulgowski@yahoo.com,1992-09-01,Dulce,2,12
14,14,reprehenderit,Keara.Ratke@Dickens.info,1979-02-11,Clint,4,1
15,15,ad,Noe.Connelly@Hellen.ca,2012-07-05,Berta,12,10
16,16,enim,Monroe.Dickinson@Bergstrom.io,1980-11-20,Kevon,5,8
17,17,dolor,White.Emilio@yahoo.com,1979-11-30,Uriah,11,12
18,18,error,Darron.Rau@Sadie.biz,2008-07-06,Waino,12,3
19,19,voluptatem,Jordon.Huels@Fiona.io,2015-05-09,Cristopher,12,7
20,20,nobis,Orland.Bartoletti@Myah.biz,2002-12-20,Scot,6,3
21,21,animi,Huels_Mable@Gina.info,2015-01-16,Desmond,4,5
22,22,in,Lang_Gerhard@Annabel.org,2014-09-22,Justus,7,12
23,23,asperiores,Homenick_Abelardo@yahoo.com,1996-06-20,Krystina,10,6
24,24,consequatur,Jonathan_Jacobs@Hailey.biz,1998-12-31,Terence,5,8
25,25,cum,Harry.Predovic@hotmail.com,1985-10-11,Fabiola,10,1
26,26,ab,Dorian_Ward@yahoo.com,1986-06-30,Madonna,3,6
27,27,quidem,Wanda_Mueller@gmail.com,1986-08-10,Lura,7,7
28,28,voluptas,Letha_Kris@Hessel.us,2011-10-07,Andy,12,8
29,29,quod,Jonatan.Rohan@Jacobi.me,1987-06-14,Shanna,6,1
30,30,culpa,Kevon_Brekke@gmail.com,1996-04-28,Monserrat,10,1
31,31,ut,Lowe.Alice@hotmail.com,1987-09-24,Lela,4,6
32,32,in,Jacobson_Karli@hotmail.com,2008-01-31,Arvel,12,11
33,33,enim,Elda_Thompson@Torphy.biz,2005-01-07,Tanya,2,7
34,34,quia,Floy_Hills@Liam.biz,1976-08-07,Flossie,5,2
35,35,sed,Buford.Prohaska@yahoo.com,1983-05-07,Lucy,6,12
36,36,similique,Edd_Crist@Rogahn.name,1996-02-26,Oran,9,3
37,37,omnis,Edgar.Block@Arlo.us,2012-12-31,Fatima,4,2
38,38,temporibus,Esmeralda_Volkman@hotmail.com,1986-08-12,Jerod,9,11
39,39,modi,Stiedemann.Eugene@Pouros.ca,1981-01-30,Bernie,9,1
40,40,quas,Fritsch.Lia@hotmail.com,2012-08-29,Eriberto,6,8
41,41,placeat,Lonnie.Ward@hotmail.com,1990-11-18,Marques,3,4
42,42,rerum,Deangelo.Franecki@hotmail.com,1974-11-12,Daniela,1,4
43,43,perspiciatis,Rowena_Swaniawski@Davis.info,1990-12-28,Elmira,1,4
44,44,ut,Russell.Conn@Karelle.us,1994-06-30,Deborah,1,1
45,45,soluta,Estefania_Littel@Lucie.biz,2011-02-27,Taylor,1,4
46,46,ea,Rollin_Willms@Catalina.info,2015-06-11,Furman,9,8
47,47,sed,Clotilde.Block@hotmail.com,1997-07-06,Maxie,9,9
48,48,est,Angie.Ledner@Morar.name,1972-01-17,Jacky,3,12
49,49,dolores,Lincoln.Grant@yahoo.com,1999-08-21,Jordy,12,2
50,50,et,Josie_Jaskolski@Wolf.us,1995-04-07,Magdalena,9,7
51,51,nemo,Lupe_Sauer@yahoo.com,2015-06-11,Nia,11,3
52,52,sint,Schmitt.Nikita@yahoo.com,2013-03-15,Hilario,4,3
53,53,nisi,Ebert.Jaron@Botsford.org,1987-12-28,Cyril,8,8
54,54,et,Justus.Sipes@Ritchie.biz,2013-06-15,Icie,12,10
55,55,omnis,Payton.Beer@gmail.com,2008-12-07,Cortez,3,2
56,56,mollitia,Pacocha.Michele@Bernhard.info,1975-04-22,Rafael,7,7
57,57,magnam,Thompson.Mckenzie@hotmail.com,1989-03-06,Kendrick,2,5
58,58,quae,Kenna_Satterfield@hotmail.com,2014-12-18,Stacy,5,4
59,59,id,Salvador.Prohaska@hotmail.com,2016-01-19,Astrid,4,4
60,60,sit,Cali_Osinski@gmail.com,2000-12-26,Johathan,10,11
61,61,totam,Jast.Felipe@gmail.com,1997-03-26,Kaylee,9,11
62,62,sapiente,Tillman_Witting@yahoo.com,1997-05-16,Juanita,8,7
63,63,eligendi,Streich.Precious@gmail.com,1986-01-29,Julie,1,5
64,64,non,Stoltenberg.Vladimir@yahoo.com,1972-09-05,Lawrence,4,9
65,65,debitis,Reyes.Boyle@yahoo.com,1991-02-20,Preston,11,2
66,66,in,Rocky.Gutmann@gmail.com,1971-06-19,Wilfred,11,8
67,67,qui,Cade_Fay@hotmail.com,1999-04-17,Brandon,1,12
68,68,et,Swaniawski_Reed@hotmail.com,2013-02-22,Lera,2,9
69,69,aut,Perry_Swift@gmail.com,1987-05-25,Lamar,7,6
70,70,ut,Alta_Greenfelder@Collier.us,2016-03-12,Miller,6,3
71,71,deleniti,Eichmann_Tatum@Charlotte.biz,1985-03-22,Price,7,12
72,72,ut,Rempel.Terence@Torp.net,1985-11-19,Angelina,9,7
73,73,non,Augustus_Reynolds@yahoo.com,2001-03-19,Virgie,10,11
74,74,neque,Caterina_Thiel@yahoo.com,1997-11-12,Dominique,8,3
75,75,ut,Liana.Herzog@gmail.com,1977-01-01,Raina,7,6
76,76,delectus,Brenda_Erdman@Josephine.biz,2005-12-05,Isai,12,4
77,77,aut,Shaniya.Hyatt@Seth.com,1979-01-10,Drake,2,8
78,78,repudiandae,Julien_Tillman@Pouros.io,1987-05-26,Marty,11,1
79,79,sequi,Roberta_Steuber@hotmail.com,2013-06-27,Itzel,5,5
80,80,molestiae,Dameon_Haley@Sipes.io,1979-05-15,Hipolito,10,6
81,81,saepe,Bednar.Kayden@Beier.name,1998-05-11,Donnie,2,8
82,82,quod,Harber.Sheila@yahoo.com,1971-08-11,Joan,1,3
83,83,rerum,Wilma_Jaskolski@Geovany.info,1985-08-09,Christa,6,7
84,84,optio,Ashtyn_Skiles@yahoo.com,1980-09-17,Jacques,3,12
85,85,rem,Ari.Hartmann@yahoo.com,2003-03-18,Martine,1,8
86,86,est,Terry_Okuneva@Ines.me,2009-03-20,Juana,11,2
87,87,molestiae,Samantha_Larson@Hintz.us,1987-04-21,Lewis,9,10
88,88,eum,Anjali_Fisher@Casey.net,2005-04-18,Julia,4,2
89,89,placeat,Aiyana_Kling@hotmail.com,2011-07-20,Franz,8,4
90,90,molestiae,Henriette_Batz@yahoo.com,1993-12-06,Lance,1,11
91,91,officiis,Quincy.Keeling@Grant.tv,1974-04-12,Corine,10,1
92,92,ea,Americo_Block@gmail.com,2001-03-13,Antwon,12,8
93,93,dolorem,Pagac.Retta@yahoo.com,1991-03-23,Efren,5,2
94,94,voluptatum,Bogan_Dalton@yahoo.com,2007-09-01,Marisol,12,7
95,95,et,Schoen.Evan@yahoo.com,1988-05-07,Jan,3,9
96,96,harum,Lucas_Simonis@gmail.com,1975-08-24,Dayana,4,12
97,97,incidunt,Arnold_Parker@yahoo.com,2004-04-10,Aditya,1,4
98,98,aut,Charlene_Sanford@hotmail.com,1991-06-30,Lyric,6,3
99,99,sit,Ocie_Dickinson@Harvey.org,1976-06-24,Bradley,9,8
